10,,,,,,,,,,,,,,,,10,,,,,,,,,,,,,,,,,10,,,,,,,,,,,,,,,,10,,,,,,,,,,,,,,,,,
,1,2,3,4,5,6,7,8,9,10,11,12,,,,,1,2,3,4,5,6,7,8,9,10,11,12,,,,,,1,2,3,4,5,6,7,8,9,10,11,12,,,,,1,2,3,4,5,6,7,8,9,10,11,12,,,,,
CONTO ECONOMICO,Gennaio,Febbraio,Marzo,Aprile,Maggio,Giugno,Luglio,Agosto,Settembre,Ottobre,Novembre,Dicembre,Totale Progressivo,%,,CONTO ECONOMICO,Gennaio,Febbraio,Marzo,Aprile,Maggio,Giugno,Luglio,Agosto,Settembre,Ottobre,Novembre,Dicembre,Totale Progressivo,%,,,CONTO ECONOMICO,Gennaio,Febbraio,Marzo,Aprile,Maggio,Giugno,Luglio,Agosto,Settembre,Ottobre,Novembre,Dicembre,Totale Progressivo,%,,CONTO ECONOMICO,Gennaio,Febbraio,Marzo,Aprile,Maggio,Giugno,Luglio,Agosto,Settembre,Ottobre,Novembre,Dicembre,Totale Progressivo,%,, CONTO ECONOMICO,TRASCODIFICA
Ricavi caratteristici,  56.600 ,  82.100 ,  107.100 ,  132.600 ,  151.200 ,  176.200 ,  219.789 ,  219.789 ,  282.879 ,  306.189 ,  -   ,  -   ,  306.189 ,,,Ricavi caratteristici,  56.600 ,  25.500 ,  25.000 ,  25.500 ,  18.600 ,  25.000 ,  43.589 ,  -   ,  63.090 ,  23.310 ,- 306.189 ,  -   ,  23.310 ,,,,Ricavi caratteristici,  -   ,  -   ,  -   ,  -   ,  -   ,  30.068 ,  30.068 ,  41.650 ,  41.650 ,  41.650 ,  72.150 ,  -   ,  41.650 ,,,Ricavi caratteristici,  -   ,  -   ,  -   ,  -   ,  -   ,  30.068 ,  -   ,  11.581 ,  -   ,  -   ,  30.500 ,- 72.150 ,  -   ,,,Ricavi caratteristici,Ricavi caratteristici
Altri ricavi,  0 ,  0 ,  10.240 ,  10.240 ,  10.241 ,  10.241 ,  10.241 ,  11.347 ,  11.347 ,  13.694 ,  -   ,  -   ,  13.694 ,,,Altri ricavi,  0 ,  0 ,  10.240 ,  0 ,  1 ,  -   ,  0 ,  1.106 ,  -   ,  2.346 ,- 13.694 ,  -   ,  2.346 ,,,,Altri ricavi caratteristici,  0 ,  0 ,  1 ,  227 ,  2.003 ,  2.006 ,  2.006 ,  2.006 ,  2.006 ,  52.646 ,  52.859 ,  -   ,  52.646 ,,,Altri ricavi caratteristici,  0 ,  -   ,  0 ,  226 ,  1.776 ,  3 ,  -   ,  -   ,  -   ,  50.640 ,  213 ,- 52.859 ,  50.640 ,,,Altri ricavi,Altri ricavi
TOTALE RICAVI,  56.600 ,  82.100 ,  117.340 ,  142.840 ,  161.441 ,  186.441 ,  230.030 ,  231.136 ,  294.226 ,  319.882 ,  -   ,  -   ,  319.882 ,100%,,TOTALE RICAVI,  56.600 ,  25.500 ,  35.240 ,  25.500 ,  18.601 ,  25.000 ,  43.589 ,  1.106 ,  63.090 ,  25.656 ,- 319.882 ,  -   ,  25.656 ,100%,,,TOTALE RICAVI,  0 ,  0 ,  1 ,  227 ,  2.003 ,  32.074 ,  32.074 ,  43.656 ,  43.656 ,  94.296 ,  125.009 ,  -   ,  94.296 ,29%,,TOTALE RICAVI,  0 ,  -   ,  0 ,  226 ,  1.776 ,  30.072 ,  -   ,  11.581 ,  -   ,  50.640 ,  30.713 ,- 125.009 ,  50.640 ,197%,,,
Servizi diretti,  530 ,  5.151 ,  6.478 ,  8.163 ,  9.213 ,  10.367 ,  11.901 ,  14.289 ,  15.671 ,  18.626 ,  -   ,  -   ,  18.626 ,6%,,Servizi diretti,  530 ,  4.621 ,  1.327 ,  1.686 ,  1.050 ,  1.154 ,  1.534 ,  2.388 ,  1.382 ,  2.954 ,- 18.626 ,  -   ,  2.954 ,,,,Materie prime,  254 ,  261 ,  287 ,  294 ,  301 ,  940 ,  981 ,  1.161 ,  1.990 ,  3.407 ,  4.636 ,  -   ,  3.407 ,1%,,Materie prime,  254 ,  7 ,  26 ,  7 ,  7 ,  639 ,  41 ,  179 ,  829 ,  1.417 ,  1.229 ,- 4.636 ,  1.417 ,6%,,Servizi diretti,Servizi diretti
Cosulenze dirette,  -   ,  -   ,  -   ,  -   ,  -   ,  -   ,  -   ,  -   ,  -   ,  -   ,  -   ,  -   ,  -   ,0%,,Cosulenze dirette,  -   ,  -   ,  -   ,  -   ,  -   ,  -   ,  -   ,  -   ,  -   ,  -   ,  -   ,  -   ,  -   ,,,,Spese su acquisti materie prime,  -   ,  -   ,  -   ,  -   ,  -   ,  -   ,  -   ,  -   ,  -   ,  -   ,  -   ,  -   ,  -   ,0%,,Spese su acquisti materie prime,  -   ,  -   ,  -   ,  -   ,  -   ,  -   ,  -   ,  -   ,  -   ,  -   ,  -   ,  -   ,  -   ,0%,,Cosulenze dirette,Cosulenze dirette
Servizi informatici web,  106 ,  210 ,  344 ,  544 ,  606 ,  627 ,  673 ,  806 ,  1.389 ,  1.389 ,  -   ,  -   ,  1.389 ,0%,,Servizi informatici web,  106 ,  104 ,  134 ,  200 ,  62 ,  22 ,  46 ,  133 ,  582 ,  -   ,- 1.389 ,  -   ,  -   ,,,,--,  -   ,  -   ,  -   ,  -   ,  -   ,  -   ,  481 ,  549 ,  549 ,  549 ,  549 ,  -   ,  549 ,0%,,--,  -   ,  -   ,  -   ,  -   ,  -   ,  -   ,  481 ,  68 ,  -   ,  -   ,  -   ,- 549 ,  -   ,0%,,Servizi informatici web,Servizi informatici web
Servizi cloud,  -   ,  -   ,  -   ,  -   ,  -   ,  -   ,  -   ,  -   ,  -   ,  -   ,  -   ,  -   ,  -   ,0%,,Servizi cloud,  -   ,  -   ,  -   ,  -   ,  -   ,  -   ,  -   ,  -   ,  -   ,  -   ,  -   ,  -   ,  -   ,,,,--,  -   ,  -   ,  -   ,  -   ,  -   ,  -   ,  -   ,  -   ,  -   ,  -   ,  -   ,  -   ,  -   ,0%,,--,  -   ,  -   ,  -   ,  -   ,  -   ,  -   ,  -   ,  -   ,  -   ,  -   ,  -   ,  -   ,  -   ,0%,,Servizi cloud,Servizi cloud
COSTI DIRETTI,  636 ,  5.361 ,  6.821 ,  8.707 ,  9.819 ,  10.995 ,  12.574 ,  15.095 ,  17.060 ,  20.014 ,  -   ,  -   ,  20.014 ,6%,,COSTI DIRETTI,  636 ,  4.725 ,  1.461 ,  1.886 ,  1.112 ,  1.176 ,  1.580 ,  2.521 ,  1.964 ,  2.954 ,- 20.014 ,  -   ,  2.954 ,12%,,,COSTI DIRETTI,  254 ,  261 ,  287 ,  294 ,  301 ,  940 ,  1.462 ,  1.710 ,  2.539 ,  3.956 ,  5.185 ,  -   ,  3.956 ,1%,,COSTI DIRETTI,  254 ,  7 ,  26 ,  7 ,  7 ,  639 ,  522 ,  248 ,  829 ,  1.417 ,  1.229 ,- 5.185 ,  1.417 ,6%,,,
---,  -   ,  -   ,  -   ,  -   ,  -   ,  -   ,  -   ,  -   ,  -   ,  -   ,  -   ,  -   ,  -   ,0%,,Beni strumentali,  -   ,  -   ,  -   ,  -   ,  -   ,  -   ,  -   ,  -   ,  -   ,  -   ,  -   ,  -   ,  -   ,,,,Beni strumentali,  -   ,  -   ,  -   ,  -   ,  -   ,  -   ,  -   ,  -   ,  -   ,  -   ,  -   ,  -   ,  -   ,0%,,Beni strumentali,  -   ,  -   ,  -   ,  -   ,  -   ,  -   ,  -   ,  -   ,  -   ,  -   ,  -   ,  -   ,  -   ,0%,,---,---
---,  -   ,  -   ,  -   ,  -   ,  -   ,  -   ,  -   ,  -   ,  -   ,  -   ,  -   ,  -   ,  -   ,0%,,Spese per manutenzione,  -   ,  -   ,  -   ,  -   ,  -   ,  -   ,  -   ,  -   ,  -   ,  -   ,  -   ,  -   ,  -   ,,,,Spese per manutenzione,  -   ,  -   ,  -   ,  -   ,  -   ,  -   ,  -   ,  -   ,  -   ,  -   ,  -   ,  -   ,  -   ,0%,,Spese per manutenzione,  -   ,  -   ,  -   ,  -   ,  -   ,  -   ,  -   ,  -   ,  -   ,  -   ,  -   ,  -   ,  -   ,0%,,---,---
Altri servizi e prestazioni,  -   ,  1.250 ,  1.250 ,  1.250 ,  1.250 ,  1.250 ,  1.750 ,  1.750 ,  1.750 ,  1.750 ,  -   ,  -   ,  1.750 ,1%,,Altri servizi e prestazioni,  -   ,  1.250 ,  -   ,  -   ,  -   ,  -   ,  500 ,  -   ,  -   ,  -   ,- 1.750 ,  -   ,  -   ,,,,Altri servizi e prestazioni,  -   ,  -   ,  -   ,  5.000 ,  5.250 ,  5.500 ,  5.500 ,  5.500 ,  5.500 ,  5.700 ,  5.700 ,  -   ,  5.700 ,2%,,Altri servizi e prestazioni,  -   ,  -   ,  -   ,  5.000 ,  250 ,  250 ,  -   ,  -   ,  -   ,  200 ,  -   ,- 5.700 ,  200 ,1%,,Altri servizi e prestazioni,Altri servizi e prestazioni
COSTI INDIRETTI,  -   ,  1.250 ,  1.250 ,  1.250 ,  1.250 ,  1.250 ,  1.750 ,  1.750 ,  1.750 ,  1.750 ,  -   ,  -   ,  1.750 ,1%,,COSTI INDIRETTI,  -   ,  1.250 ,  -   ,  -   ,  -   ,  -   ,  500 ,  -   ,  -   ,  -   ,- 1.750 ,  -   ,  -   ,0%,,,COSTI INDIRETTI,  -   ,  -   ,  -   ,  5.000 ,  5.250 ,  5.500 ,  5.500 ,  5.500 ,  5.500 ,  5.700 ,  5.700 ,  -   ,  5.700 ,2%,,COSTI INDIRETTI,  -   ,  -   ,  -   ,  5.000 ,  250 ,  250 ,  -   ,  -   ,  -   ,  200 ,  -   ,- 5.700 ,  200 ,1%,,,
TOTALE COSTI DIRETTI E INDIRETTI,  636 ,  6.611 ,  8.071 ,  9.957 ,  11.069 ,  12.245 ,  14.324 ,  16.845 ,  18.810 ,  21.764 ,  -   ,  -   ,  21.764 ,7%,,TOTALE COSTI DIRETTI E INDIRETTI,  636 ,  5.975 ,  1.461 ,  1.886 ,  1.112 ,  1.176 ,  2.080 ,  2.521 ,  1.964 ,  2.954 ,- 21.764 ,  -   ,  2.954 ,12%,,,TOTALE COSTI DIRETTI E INDIRETTI,  254 ,  261 ,  287 ,  5.294 ,  5.551 ,  6.440 ,  6.962 ,  7.210 ,  8.039 ,  9.656 ,  10.885 ,  -   ,  9.656 ,3%,,TOTALE COSTI DIRETTI E INDIRETTI,  254 ,  7 ,  26 ,  5.007 ,  257 ,  889 ,  522 ,  248 ,  829 ,  1.617 ,  1.229 ,- 10.885 ,  1.617 ,6%,,,
GROSS PROFIT,  55.964 ,  75.490 ,  109.269 ,  132.883 ,  150.372 ,  174.196 ,  215.705 ,  214.290 ,  275.416 ,  298.118 ,  -   ,  -   ,  298.118 ,93%,,GROSS PROFIT,  55.964 ,  19.525 ,  33.779 ,  23.614 ,  17.489 ,  23.824 ,  41.509 ,- 1.415 ,  61.126 ,  22.702 ,- 298.118 ,  -   ,  22.702 ,88%,,,GROSS PROFIT,- 253 ,- 260 ,- 287 ,- 5.067 ,- 3.548 ,  25.635 ,  25.112 ,  36.446 ,  35.617 ,  84.639 ,  114.123 ,  -   ,  84.639 ,26%,,GROSS PROFIT,- 253 ,- 7 ,- 26 ,- 4.781 ,  1.520 ,  29.183 ,- 522 ,  11.333 ,- 829 ,  49.022 ,  29.484 ,- 114.123 ,  49.022 ,191%,,,
Autofatture,  -   ,  -   ,  -   ,  -   ,  -   ,  -   ,  -   ,  -   ,  -   ,  -   ,  -   ,  -   ,  -   ,0%,,Autofatture,  -   ,  -   ,  -   ,  -   ,  -   ,  -   ,  -   ,  -   ,  -   ,  -   ,  -   ,  -   ,  -   ,,,,Autofatture,  -   ,  -   ,  -   ,  -   ,  -   ,  -   ,  -   ,  -   ,  -   ,  -   ,  -   ,  -   ,  -   ,0%,,Autofatture,  -   ,  -   ,  -   ,  -   ,  -   ,  -   ,  -   ,  -   ,  -   ,  -   ,  -   ,  -   ,  -   ,0%,,Autofatture,Ricavi non tipici
Rimborsi spese,  -   ,  -   ,  -   ,  -   ,  -   ,  -   ,  -   ,  -   ,  -   ,  -   ,  -   ,  -   ,  -   ,0%,,Rimborsi spese,  -   ,  -   ,  -   ,  -   ,  -   ,  -   ,  -   ,  -   ,  -   ,  -   ,  -   ,  -   ,  -   ,,,,Rimborsi spese,  -   ,  -   ,  -   ,  -   ,  -   ,  -   ,  -   ,  -   ,  -   ,  -   ,  -   ,  -   ,  -   ,0%,,Rimborsi spese,  -   ,  -   ,  -   ,  -   ,  -   ,  -   ,  -   ,  -   ,  -   ,  -   ,  -   ,  -   ,  -   ,0%,,Rimborsi spese,Ricavi non tipici
Altri proventi,  -   ,  -   ,  -   ,  -   ,  -   ,  -   ,  -   ,  -   ,  -   ,  -   ,  -   ,  -   ,  -   ,0%,,Altri proventi,  -   ,  -   ,  -   ,  -   ,  -   ,  -   ,  -   ,  -   ,  -   ,  -   ,  -   ,  -   ,  -   ,,,,Altri proventi,  -   ,  -   ,  -   ,  -   ,  -   ,  -   ,  -   ,  -   ,  -   ,  -   ,  -   ,  -   ,  -   ,0%,,Altri proventi,  -   ,  -   ,  -   ,  -   ,  -   ,  -   ,  -   ,  -   ,  -   ,  -   ,  -   ,  -   ,  -   ,0%,,Altri proventi,Ricavi non tipici
ALTRI RICAVI NON TIPICI,  -   ,  -   ,  -   ,  -   ,  -   ,  -   ,  -   ,  -   ,  -   ,  -   ,  -   ,  -   ,  -   ,0%,,ALTRI RICAVI NON TIPICI,  -   ,  -   ,  -   ,  -   ,  -   ,  -   ,  -   ,  -   ,  -   ,  -   ,  -   ,  -   ,  -   ,0%,,,ALTRI RICAVI NON TIPICI,  -   ,  -   ,  -   ,  -   ,  -   ,  -   ,  -   ,  -   ,  -   ,  -   ,  -   ,  -   ,  -   ,0%,,ALTRI RICAVI NON TIPICI,  -   ,  -   ,  -   ,  -   ,  -   ,  -   ,  -   ,  -   ,  -   ,  -   ,  -   ,  -   ,  -   ,0%,,,
Spese viaggio,  372 ,  1.468 ,  1.908 ,  2.250 ,  2.795 ,  2.813 ,  2.987 ,  3.031 ,  3.216 ,  3.652 ,  -   ,  -   ,  3.652 ,1%,,Spese viaggio,  372 ,  1.095 ,  441 ,  341 ,  546 ,  18 ,  173 ,  45 ,  185 ,  436 ,- 3.652 ,  -   ,  436 ,,,,Spese viaggio,  297 ,  399 ,  874 ,  5.716 ,  6.513 ,  6.719 ,  6.968 ,  7.007 ,  7.101 ,  7.403 ,  7.288 ,  -   ,  7.403 ,2%,,Spese viaggio,  297 ,  102 ,  476 ,  4.842 ,  797 ,  206 ,  249 ,  39 ,  94 ,  302 ,- 115 ,- 7.288 ,  302 ,1%,,Spese viaggio,Costi commerciali
Pedaggi autostradali,  -   ,  -   ,  -   ,  -   ,  -   ,  -   ,  -   ,  -   ,  -   ,  -   ,  -   ,  -   ,  -   ,0%,,Pedaggi autostradali,  -   ,  -   ,  -   ,  -   ,  -   ,  -   ,  -   ,  -   ,  -   ,  -   ,  -   ,  -   ,  -   ,,,,Pedaggi autostradali,  -   ,  -   ,  -   ,  -   ,  -   ,  -   ,  -   ,  -   ,  -   ,  368 ,  906 ,  -   ,  368 ,0%,,Pedaggi autostradali,  -   ,  -   ,  -   ,  -   ,  -   ,  -   ,  -   ,  -   ,  -   ,  368 ,  538 ,- 906 ,  368 ,1%,,Pedaggi autostradali,Costi commerciali
Pubblicità,  -   ,  -   ,  -   ,  -   ,  -   ,  -   ,  -   ,  -   ,  -   ,  -   ,  -   ,  -   ,  -   ,0%,,Pubblicità,  -   ,  -   ,  -   ,  -   ,  -   ,  -   ,  -   ,  -   ,  -   ,  -   ,  -   ,  -   ,  -   ,,,,Pubblicità,  -   ,  -   ,  -   ,  -   ,  -   ,  -   ,  -   ,  -   ,  -   ,  243 ,  243 ,  -   ,  243 ,0%,,Pubblicità,  -   ,  -   ,  -   ,  -   ,  -   ,  -   ,  -   ,  -   ,  -   ,  243 ,  -   ,- 243 ,  243 ,1%,,Pubblicità,Costi commerciali
Materiale pubblicitario,  -   ,  -   ,  -   ,  -   ,  -   ,  -   ,  -   ,  -   ,  -   ,  -   ,  -   ,  -   ,  -   ,0%,,Materiale pubblicitario,  -   ,  -   ,  -   ,  -   ,  -   ,  -   ,  -   ,  -   ,  -   ,  -   ,  -   ,  -   ,  -   ,,,,Materiale pubblicitario,  -   ,  -   ,  -   ,  -   ,  -   ,  -   ,  -   ,  -   ,  -   ,  -   ,  -   ,  -   ,  -   ,0%,,Materiale pubblicitario,  -   ,  -   ,  -   ,  -   ,  -   ,  -   ,  -   ,  -   ,  -   ,  -   ,  -   ,  -   ,  -   ,0%,,Materiale pubblicitario,Costi commerciali
Omaggi,  -   ,  -   ,  -   ,  -   ,  -   ,  -   ,  -   ,  -   ,  -   ,  -   ,  -   ,  -   ,  -   ,0%,,Omaggi,  -   ,  -   ,  -   ,  -   ,  -   ,  -   ,  -   ,  -   ,  -   ,  -   ,  -   ,  -   ,  -   ,,,,Omaggi,  -   ,  -   ,  -   ,  -   ,  -   ,  -   ,  -   ,  -   ,  -   ,  -   ,  -   ,  -   ,  -   ,0%,,Omaggi,  -   ,  -   ,  -   ,  -   ,  -   ,  -   ,  -   ,  -   ,  -   ,  -   ,  -   ,  -   ,  -   ,0%,,Omaggi,Costi commerciali
Spese di rappresentanza,  336 ,  1.113 ,  2.538 ,  2.982 ,  3.766 ,  4.081 ,  4.402 ,  4.562 ,  5.008 ,  6.060 ,  -   ,  -   ,  6.060 ,2%,,Spese di rappresentanza,  336 ,  777 ,  1.425 ,  444 ,  784 ,  314 ,  322 ,  160 ,  445 ,  1.052 ,- 6.060 ,  -   ,  1.052 ,,,,Spese di rappresentanza,  389 ,  438 ,  677 ,  2.590 ,  2.637 ,  2.799 ,  2.834 ,  2.834 ,  2.890 ,  3.650 ,  3.981 ,  -   ,  3.650 ,1%,,Spese di rappresentanza,  389 ,  49 ,  239 ,  1.913 ,  47 ,  163 ,  35 ,  -   ,  57 ,  759 ,  331 ,- 3.981 ,  759 ,3%,,Spese di rappresentanza,Costi commerciali
Mostre e fiere,  5.890 ,  5.890 ,  5.890 ,  5.890 ,  5.890 ,  5.890 ,  5.890 ,  5.890 ,  8.102 ,  10.815 ,  -   ,  -   ,  10.815 ,3%,,Mostre e fiere,  5.890 ,  -   ,  -   ,  -   ,  -   ,  -   ,  -   ,  -   ,  2.212 ,  2.713 ,- 10.815 ,  -   ,  2.713 ,,,,Mostre e fiere,  -   ,  -   ,  -   ,  -   ,  -   ,  -   ,  1.895 ,  1.895 ,  1.895 ,  1.895 ,  1.895 ,  -   ,  1.895 ,1%,,Mostre e fiere,  -   ,  -   ,  -   ,  -   ,  -   ,  -   ,  1.895 ,  -   ,  -   ,  -   ,  -   ,- 1.895 ,  -   ,0%,,Mostre e fiere,Costi commerciali
Servizi commerciali,  58 ,  113 ,  168 ,  223 ,  278 ,  333 ,  388 ,  443 ,  498 ,  553 ,  -   ,  -   ,  553 ,0%,,Servizi commerciali,  58 ,  55 ,  55 ,  55 ,  55 ,  55 ,  55 ,  55 ,  55 ,  55 ,- 553 ,  -   ,  55 ,,,,Servizi commerciali,  -   ,  -   ,  -   ,  -   ,  -   ,  -   ,  379 ,  428 ,  483 ,  538 ,  593 ,  -   ,  538 ,0%,,Servizi commerciali,  -   ,  -   ,  -   ,  -   ,  -   ,  -   ,  379 ,  49 ,  55 ,  55 ,  55 ,- 593 ,  55 ,0%,,Servizi commerciali,Costi commerciali
Carburante,  120 ,  292 ,  662 ,  802 ,  1.028 ,  1.028 ,  1.303 ,  1.352 ,  1.352 ,  1.651 ,  -   ,  -   ,  1.651 ,1%,,Carburante,  120 ,  171 ,  371 ,  140 ,  226 ,  -   ,  275 ,  49 ,  -   ,  299 ,- 1.651 ,  -   ,  299 ,,,,Carburante,  -   ,  -   ,  -   ,  579 ,  961 ,  981 ,  998 ,  998 ,  998 ,  1.282 ,  1.300 ,  -   ,  1.282 ,0%,,Carburante,  -   ,  -   ,  -   ,  579 ,  382 ,  20 ,  18 ,  -   ,  -   ,  284 ,  18 ,- 1.300 ,  284 ,1%,,Carburante,Costi commerciali
SPESE COMMERCIALI,  6.777 ,  8.876 ,  11.167 ,  12.148 ,  13.758 ,  14.146 ,  14.971 ,  15.279 ,  18.177 ,  22.731 ,  -   ,  -   ,  22.731 ,7%,,SPESE COMMERCIALI,  6.777 ,  2.099 ,  2.292 ,  980 ,  1.611 ,  387 ,  825 ,  309 ,  2.897 ,  4.555 ,- 22.731 ,  -   ,  4.555 ,18%,,,SPESE COMMERCIALI,  686 ,  837 ,  1.551 ,  8.885 ,  10.111 ,  10.499 ,  13.074 ,  13.162 ,  13.367 ,  15.378 ,  16.205 ,  -   ,  15.378 ,5%,,SPESE COMMERCIALI,  686 ,  151 ,  714 ,  7.334 ,  1.225 ,  388 ,  2.575 ,  88 ,  206 ,  2.011 ,  827 ,- 16.205 ,  2.011 ,8%,,,
Beni indeducibili,  113 ,  877 ,  1.854 ,  2.123 ,  2.236 ,  2.236 ,  2.182 ,  2.182 ,  2.182 ,  2.222 ,  -   ,  -   ,  2.222 ,1%,,Beni indeducibili,  113 ,  763 ,  977 ,  269 ,  113 ,  -   ,- 54 ,  -   ,  -   ,  40 ,- 2.222 ,  -   ,  40 ,,,,Beni indeducibili,  -   ,  -   ,  -   ,  2.731 ,  2.755 ,  2.755 ,  2.891 ,  3.064 ,  3.064 ,  3.009 ,  3.506 ,  -   ,  3.009 ,1%,,Beni indeducibili,  -   ,  -   ,  -   ,  2.731 ,  24 ,  -   ,  136 ,  173 ,  -   ,- 54 ,  496 ,- 3.506 ,- 54 ,0%,,Beni indeducibili,Altre spese di funzionamento
Spese generali,  194 ,  20.406 ,  20.888 ,  21.862 ,  22.205 ,  22.311 ,  22.311 ,  23.150 ,  24.766 ,  25.276 ,  -   ,  -   ,  25.276 ,8%,,Spese generali,  194 ,  20.212 ,  482 ,  974 ,  343 ,  106 ,  -   ,  839 ,  1.616 ,  510 ,- 25.276 ,  -   ,  510 ,,,,Indumenti di lavoro,  1.908 ,  2.042 ,  2.277 ,  2.277 ,  2.366 ,  2.388 ,  2.622 ,  2.801 ,  4.058 ,  4.413 ,  5.519 ,  -   ,  4.413 ,1%,,Indumenti di lavoro,  1.908 ,  134 ,  235 ,  -   ,  89 ,  22 ,  234 ,  179 ,  1.257 ,  354 ,  1.107 ,- 5.519 ,  354 ,1%,,Spese generali,Altre spese di funzionamento
Materiale vario e di consumo,  -   ,  -   ,  -   ,  -   ,  -   ,  -   ,  -   ,  -   ,  -   ,  -   ,  -   ,  -   ,  -   ,0%,,Materiale vario e di consumo,  -   ,  -   ,  -   ,  -   ,  -   ,  -   ,  -   ,  -   ,  -   ,  -   ,  -   ,  -   ,  -   ,,,,Materiale vario e di consumo,  -   ,  -   ,  -   ,  -   ,  -   ,  -   ,  -   ,  -   ,  -   ,  -   ,  -   ,  -   ,  -   ,0%,,Materiale vario e di consumo,  -   ,  -   ,  -   ,  -   ,  -   ,  -   ,  -   ,  -   ,  -   ,  -   ,  -   ,  -   ,  -   ,0%,,Materiale vario e di consumo,Altre spese di funzionamento
Spese di pulizia,  -   ,  -   ,  -   ,  -   ,  -   ,  -   ,  -   ,  -   ,  -   ,  -   ,  -   ,  -   ,  -   ,0%,,Spese di pulizia,  -   ,  -   ,  -   ,  -   ,  -   ,  -   ,  -   ,  -   ,  -   ,  -   ,  -   ,  -   ,  -   ,,,,Spese di pulizia,  -   ,  -   ,  -   ,  -   ,  -   ,  -   ,  -   ,  -   ,  -   ,  -   ,  -   ,  -   ,  -   ,0%,,Spese di pulizia,  -   ,  -   ,  -   ,  -   ,  -   ,  -   ,  -   ,  -   ,  -   ,  -   ,  -   ,  -   ,  -   ,0%,,Spese di pulizia,Altre spese di funzionamento
Utenze,  -   ,  146 ,  262 ,  344 ,  438 ,  545 ,  707 ,  826 ,  906 ,  998 ,  -   ,  -   ,  998 ,0%,,Utenze,  -   ,  146 ,  115 ,  83 ,  94 ,  107 ,  162 ,  119 ,  79 ,  93 ,- 998 ,  -   ,  93 ,,,,Utenze,  -   ,  128 ,  210 ,  382 ,  437 ,  392 ,  476 ,  600 ,  702 ,  806 ,  892 ,  -   ,  806 ,0%,,Utenze,  -   ,  128 ,  82 ,  172 ,  55 ,- 45 ,  84 ,  124 ,  101 ,  104 ,  86 ,- 892 ,  104 ,0%,,Utenze,Altre spese di funzionamento
Merci,  -   ,  -   ,  -   ,  -   ,  -   ,  -   ,  -   ,  -   ,  -   ,  -   ,  -   ,  -   ,  -   ,0%,,Merci,  -   ,  -   ,  -   ,  -   ,  -   ,  -   ,  -   ,  -   ,  -   ,  -   ,  -   ,  -   ,  -   ,,,,Merci,  -   ,  -   ,  -   ,  -   ,  -   ,  -   ,  -   ,  -   ,  -   ,  -   ,  -   ,  -   ,  -   ,0%,,Merci,  -   ,  -   ,  -   ,  -   ,  -   ,  -   ,  -   ,  -   ,  -   ,  -   ,  -   ,  -   ,  -   ,0%,,Servizi informatici web,Servizi informatici web
Assicurazioni,  -   ,  -   ,  -   ,  -   ,  -   ,  -   ,  171 ,  171 ,  171 ,  171 ,  -   ,  -   ,  171 ,0%,,Assicurazioni,  -   ,  -   ,  -   ,  -   ,  -   ,  -   ,  171 ,  -   ,  -   ,  -   ,- 171 ,  -   ,  -   ,,,,Assicurazioni,  -   ,  -   ,  -   ,  -   ,  -   ,  90 ,  261 ,  261 ,  261 ,  261 ,  261 ,  -   ,  261 ,0%,,Assicurazioni,  -   ,  -   ,  -   ,  -   ,  -   ,  90 ,  171 ,  -   ,  -   ,  -   ,  -   ,- 261 ,  -   ,,,Assicurazioni,Altre spese di funzionamento
Rimanenze,  -   ,  -   ,  -   ,  -   ,  -   ,  -   ,  -   ,  -   ,  -   ,  -   ,  -   ,  -   ,  -   ,0%,,Rimanenze,  -   ,  -   ,  -   ,  -   ,  -   ,  -   ,  -   ,  -   ,  -   ,  -   ,  -   ,  -   ,  -   ,,,,Rimanenze,  -   ,  -   ,  -   ,  -   ,  -   ,  -   ,  -   ,  -   ,  -   ,  -   ,  -   ,  -   ,  -   ,0%,,Rimanenze,  -   ,  -   ,  -   ,  -   ,  -   ,  -   ,  -   ,  -   ,  -   ,  -   ,  -   ,  -   ,  -   ,0%,,Rimanenze,Altre spese di funzionamento
Tasse e valori bollati,  10 ,  19 ,  543 ,  552 ,  560 ,  568 ,  577 ,  585 ,  593 ,  610 ,  -   ,  -   ,  610 ,0%,,Tasse e valori bollati,  10 ,  8 ,  525 ,  8 ,  8 ,  8 ,  8 ,  8 ,  8 ,  17 ,- 610 ,  -   ,  17 ,,,,Tasse e valori bollati,  -   ,  -   ,  516 ,  566 ,  597 ,  597 ,  622 ,  630 ,  630 ,  647 ,  655 ,  -   ,  647 ,0%,,Tasse e valori bollati,  -   ,  -   ,  516 ,  50 ,  31 ,  -   ,  25 ,  8 ,  -   ,  17 ,  8 ,- 655 ,  17 ,0%,,Tasse e valori bollati,Altre spese di funzionamento
Sanzioni e multe,  -   ,  -   ,  20 ,  78 ,  78 ,  109 ,  143 ,  371 ,  421 ,  421 ,  -   ,  -   ,  421 ,0%,,Sanzioni e multe,  -   ,  -   ,  20 ,  58 ,  -   ,  31 ,  34 ,  227 ,  50 ,  -   ,- 421 ,  -   ,  -   ,,,,Sanzioni e multe,  -   ,  -   ,  -   ,  -   ,  -   ,  23 ,  23 ,  118 ,  118 ,  156 ,  168 ,  -   ,  156 ,0%,,Sanzioni e multe,  -   ,  -   ,  -   ,  -   ,  -   ,  23 ,  -   ,  96 ,  -   ,  38 ,  12 ,- 168 ,  38 ,0%,,Sanzioni e multe,Altre spese di funzionamento
Compensi amministratore,  -   ,  -   ,  -   ,  -   ,  -   ,  -   ,  -   ,  -   ,  -   ,  -   ,  -   ,  -   ,  -   ,0%,,Compensi amministratore,  -   ,  -   ,  -   ,  -   ,  -   ,  -   ,  -   ,  -   ,  -   ,  -   ,  -   ,  -   ,  -   ,,,,Compensi amministratore,  -   ,  -   ,  -   ,  -   ,  -   ,  -   ,  25.609 ,  31.166 ,  36.723 ,  31.064 ,  33.949 ,  -   ,  31.064 ,10%,,Compensi amministratore,  -   ,  -   ,  -   ,  -   ,  -   ,  -   ,  25.609 ,  5.557 ,  5.557 ,- 5.659 ,  2.885 ,- 33.949 ,- 5.659 ,-22%,,Compensi amministratore,Compensi amministratore
Rimborsi amministratore,  -   ,  -   ,  -   ,  -   ,  -   ,  -   ,  -   ,  -   ,  -   ,  -   ,  -   ,  -   ,  -   ,0%,,Rimborsi amministratore,  -   ,  -   ,  -   ,  -   ,  -   ,  -   ,  -   ,  -   ,  -   ,  -   ,  -   ,  -   ,  -   ,,,,Rimborsi amministratore,  -   ,  -   ,  -   ,  -   ,  -   ,  -   ,  2.955 ,  3.002 ,  3.188 ,  3.281 ,  3.281 ,  -   ,  3.281 ,1%,,Rimborsi amministratore,  -   ,  -   ,  -   ,  -   ,  -   ,  -   ,  2.955 ,  46 ,  186 ,  93 ,  -   ,- 3.281 ,  93 ,0%,,Rimborsi amministratore,Rimborsi amministratore
Personale,- 6.063 ,  5.129 ,  59.963 ,  72.552 ,  85.234 ,  109.029 ,  122.992 ,  137.119 ,  137.119 ,  166.241 ,  -   ,  -   ,  166.241 ,52%,,Personale,- 6.063 ,  11.192 ,  54.834 ,  12.589 ,  12.682 ,  23.795 ,  13.963 ,  14.126 ,  -   ,  29.123 ,- 166.241 ,  -   ,  29.123 ,,,,Personale,  8.380 ,  17.510 ,  26.940 ,  38.394 ,  49.936 ,  68.693 ,  51.013 ,  55.950 ,  62.969 ,  79.832 ,  86.381 ,  -   ,  79.832 ,25%,,Personale,  8.380 ,  9.130 ,  9.429 ,  11.454 ,  11.542 ,  18.757 ,- 17.680 ,  4.937 ,  7.019 ,  16.863 ,  6.549 ,- 86.381 ,  16.863 ,66%,,Personale,Personale
Servizi amministrativi contabilità,  930 ,  1.781 ,  6.879 ,  8.233 ,  9.579 ,  10.605 ,  11.591 ,  12.617 ,  13.603 ,  14.698 ,  -   ,  -   ,  14.698 ,5%,,Servizi amministrativi contabilità,  930 ,  851 ,  5.098 ,  1.354 ,  1.346 ,  1.026 ,  986 ,  1.026 ,  986 ,  1.095 ,- 14.698 ,  -   ,  1.095 ,,,,Servizi amministrativi contabilità,  818 ,  1.932 ,  1.932 ,  6.540 ,  7.358 ,  9.520 ,  10.338 ,  11.156 ,  12.303 ,  12.428 ,  13.433 ,  -   ,  12.428 ,4%,,Servizi amministrativi contabilità,  818 ,  1.114 ,  -   ,  4.608 ,  818 ,  2.162 ,  818 ,  818 ,  1.147 ,  125 ,  1.005 ,- 13.433 ,  125 ,0%,,Servizi amministrativi contabilità,Servizi contabili e paghe
Servizi amministrativi paghe,  -   ,  -   ,  -   ,  -   ,  -   ,  -   ,  -   ,  -   ,  -   ,  -   ,  -   ,  -   ,  -   ,0%,,Servizi amministrativi paghe,  -   ,  -   ,  -   ,  -   ,  -   ,  -   ,  -   ,  -   ,  -   ,  -   ,  -   ,  -   ,  -   ,,,,Servizi amministrativi paghe,  -   ,  -   ,  -   ,  -   ,  -   ,  -   ,  -   ,  -   ,  -   ,  -   ,  -   ,  -   ,  -   ,0%,,Servizi amministrativi paghe,  -   ,  -   ,  -   ,  -   ,  -   ,  -   ,  -   ,  -   ,  -   ,  -   ,  -   ,  -   ,  -   ,0%,,Servizi amministrativi paghe,Servizi contabili e paghe
Consulenze tecniche,  4.877 ,  11.659 ,  17.594 ,  21.724 ,  25.854 ,  26.854 ,  26.854 ,  29.150 ,  34.576 ,  34.576 ,  -   ,  -   ,  34.576 ,11%,,Consulenze tecniche,  4.877 ,  6.782 ,  5.936 ,  4.130 ,  4.130 ,  1.000 ,  -   ,  2.296 ,  5.426 ,  -   ,- 34.576 ,  -   ,  -   ,,,,Consulenze tecniche,  850 ,  32.614 ,  23.382 ,  37.729 ,  42.025 ,  42.973 ,  47.269 ,  49.865 ,  49.865 ,  66.261 ,  71.857 ,  -   ,  66.261 ,21%,,Consulenze tecniche,  850 ,  31.764 ,- 9.233 ,  14.347 ,  4.296 ,  948 ,  4.296 ,  2.596 ,  -   ,  16.396 ,  5.596 ,- 71.857 ,  16.396 ,64%,,Consulenze tecniche,Consulenze tecniche
Consulenze legali,  -   ,  -   ,  -   ,  -   ,  -   ,  -   ,  1.794 ,  1.794 ,  1.794 ,  1.794 ,  -   ,  -   ,  1.794 ,1%,,Consulenze legali,  -   ,  -   ,  -   ,  -   ,  -   ,  -   ,  1.794 ,  -   ,  -   ,  -   ,- 1.794 ,  -   ,  -   ,,,,Consulenze legali,  1.500 ,  -   ,  -   ,  -   ,  -   ,  -   ,  -   ,  -   ,  -   ,  -   ,  -   ,  -   ,  -   ,0%,,Consulenze legali,  1.500 ,- 1.500 ,  -   ,  -   ,  -   ,  -   ,  -   ,  -   ,  -   ,  -   ,  -   ,  -   ,  -   ,0%,,Consulenze legali,Consulenze legali
Locazioni e noleggi,  683 ,  1.707 ,  3.013 ,  3.866 ,  4.960 ,  5.686 ,  6.509 ,  7.133 ,  8.089 ,  9.252 ,  -   ,  -   ,  9.252 ,3%,,Locazioni e noleggi,  683 ,  1.025 ,  1.306 ,  853 ,  1.094 ,  726 ,  823 ,  624 ,  957 ,  1.162 ,- 9.252 ,  -   ,  1.162 ,,,,Locazioni e noleggi,  450 ,  900 ,  1.350 ,  1.860 ,  2.370 ,  2.880 ,  3.640 ,  4.150 ,  4.660 ,  5.343 ,  8.167 ,  -   ,  5.343 ,2%,,Locazioni e noleggi,  450 ,  450 ,  450 ,  510 ,  510 ,  510 ,  760 ,  510 ,  510 ,  683 ,  2.824 ,- 8.167 ,  683 ,3%,,Locazioni e noleggi,Altre spese di funzionamento
Servizi indeducibili,  737 ,  779 ,  887 ,  896 ,  956 ,  956 ,  956 ,  1.052 ,  1.052 ,  1.052 ,  -   ,  -   ,  1.052 ,0%,,Servizi indeducibili,  737 ,  41 ,  108 ,  9 ,  61 ,  -   ,  -   ,  95 ,  -   ,  -   ,- 1.052 ,  -   ,  -   ,,,,Servizi indeducibili,  -   ,  -   ,  -   ,  3.780 ,  4.411 ,  5.161 ,  4.734 ,  4.797 ,  4.821 ,  4.972 ,  6.032 ,  -   ,  4.972 ,2%,,Servizi indeducibili,  -   ,  -   ,  -   ,  3.780 ,  631 ,  750 ,- 427 ,  63 ,  24 ,  151 ,  1.060 ,- 6.032 ,  151 ,1%,,Servizi indeducibili,Altre spese di funzionamento
Utili e perdite su cambi,  22 ,  497 ,  510 ,  512 ,  513 ,  513 ,  513 ,  513 ,  517 ,  517 ,  -   ,  -   ,  517 ,0%,,Utili e perdite su cambi,  22 ,  475 ,  13 ,  3 ,  0 ,  -   ,  1 ,  0 ,  3 ,  0 ,- 517 ,  -   ,  0 ,,,,Utili e perdite su cambi,  -   ,  27 ,  27 ,  63 ,  76 ,  100 ,  113 ,  139 ,  152 ,  153 ,  161 ,  -   ,  153 ,0%,,Utili e perdite su cambi,  -   ,  27 ,  -   ,  36 ,  13 ,  24 ,  13 ,  26 ,  13 ,  1 ,  8 ,- 161 ,  1 ,0%,,Utili e perdite su cambi,Altre spese di funzionamento
Perdite su crediti,  -   ,  -   ,  -   ,  -   ,  -   ,  -   ,  -   ,  -   ,  -   ,  -   ,  -   ,  -   ,  -   ,0%,,Perdite su crediti,  -   ,  -   ,  -   ,  -   ,  -   ,  -   ,  -   ,  -   ,  -   ,  -   ,  -   ,  -   ,  -   ,,,,Perdite su crediti,  -   ,  -   ,  -   ,  -   ,  -   ,  -   ,  -   ,  -   ,  -   ,  -   ,  -   ,  -   ,  -   ,0%,,Perdite su crediti,  -   ,  -   ,  -   ,  -   ,  -   ,  -   ,  -   ,  -   ,  -   ,  -   ,  -   ,  -   ,  -   ,0%,,Perdite su crediti,Altre spese di funzionamento
Licenze d'uso,  -   ,  -   ,  -   ,  -   ,  -   ,  -   ,  -   ,  -   ,  -   ,  204 ,  -   ,  -   ,  204 ,0%,,Licenze d'uso,  -   ,  -   ,  -   ,  -   ,  -   ,  -   ,  -   ,  -   ,  -   ,  204 ,- 204 ,  -   ,  204 ,,,,Licenze d'uso,  -   ,  -   ,  -   ,  -   ,  -   ,  1.365 ,  1.365 ,  1.365 ,  1.365 ,  1.365 ,  1.365 ,  -   ,  1.365 ,0%,,Licenze d'uso,  -   ,  -   ,  -   ,  -   ,  -   ,  1.365 ,  -   ,  -   ,  -   ,  -   ,  -   ,- 1.365 ,  -   ,0%,,Licenze d'uso,Altre spese di funzionamento
Utenze telefoniche e cellulari,  10 ,  41 ,  72 ,  102 ,  133 ,  164 ,  195 ,  226 ,  246 ,  267 ,  -   ,  -   ,  267 ,0%,,Utenze telefoniche e cellulari,  10 ,  31 ,  31 ,  31 ,  31 ,  31 ,  31 ,  31 ,  21 ,  21 ,- 267 ,  -   ,  21 ,,,,Utenze telefoniche e cellulari,  -   ,  15 ,  481 ,  662 ,  859 ,  1.031 ,  1.112 ,  1.223 ,  1.244 ,  1.285 ,  1.321 ,  -   ,  1.285 ,0%,,Utenze telefoniche e cellulari,  -   ,  15 ,  466 ,  181 ,  197 ,  171 ,  82 ,  111 ,  21 ,  41 ,  36 ,- 1.321 ,  41 ,0%,,Utenze telefoniche e cellulari,Altre spese di funzionamento
Altri oneri,  1.700 ,  1.720 ,  2.705 ,  2.991 ,  3.004 ,  3.094 ,  3.288 ,  3.288 ,  3.455 ,  3.455 ,  -   ,  -   ,  3.455 ,,,Altri oneri,  1.700 ,  20 ,  986 ,  285 ,  13 ,  90 ,  195 ,  -   ,  167 ,  -   ,- 3.455 ,  -   ,  -   ,,,,Altri oneri,  749 ,  749 ,  749 ,  1.088 ,  1.088 ,  1.088 ,  1.187 ,  1.211 ,  1.382 ,  2.090 ,  2.260 ,  -   ,  2.090 ,,,Altri oneri,  749 ,  -   ,  -   ,  339 ,  -   ,  0 ,  99 ,  24 ,  171 ,  708 ,  170 ,- 2.260 ,  708 ,,,Altri oneri,Altre spese di funzionamento
Abbuoni e arrotondamenti,  4 ,  4 ,  4 ,  5 ,  10 ,  12 ,  12 ,  12 ,  12 ,  12 ,  -   ,  -   ,  12 ,0%,,Abbuoni e arrotondamenti,  4 ,  0 ,  0 ,  1 ,  5 ,  2 ,  -   ,  -   ,  -   ,  -   ,- 12 ,  -   ,  -   ,,,,Abbuoni e arrotondamenti,  0 ,  0 ,  1 ,  1 ,  1 ,  1 ,  1 ,  2 ,  3 ,  3 ,  8 ,  -   ,  3 ,0%,,Abbuoni e arrotondamenti,  0 ,  0 ,  0 ,  -   ,  -   ,  -   ,  1 ,  1 ,  1 ,  -   ,  5 ,- 8 ,  -   ,0%,,Abbuoni e arrotondamenti,Altre spese di funzionamento
SPESE DI STRUTTURA,  3.217 ,  44.764 ,  115.194 ,  135.841 ,  155.761 ,  182.683 ,  200.796 ,  220.189 ,  229.501 ,  261.765 ,  -   ,  -   ,  261.765 ,82%,,SPESE DI STRUTTURA,  3.217 ,  41.547 ,  70.430 ,  20.647 ,  19.921 ,  26.922 ,  18.113 ,  19.393 ,  9.313 ,  32.264 ,- 261.765 ,  -   ,  32.264 ,126%,,,SPESE DI STRUTTURA,  14.655 ,  55.917 ,  57.863 ,  96.072 ,  114.279 ,  139.055 ,  156.232 ,  171.501 ,  187.508 ,  217.368 ,  239.217 ,  -   ,  217.368 ,68%,,SPESE DI STRUTTURA,  14.655 ,  41.262 ,  1.947 ,  38.209 ,  18.206 ,  24.777 ,  17.176 ,  15.269 ,  16.007 ,  29.860 ,  21.849 ,- 239.217 ,  29.860 ,116%,,,
TOTALE GESTIONE STRUTTURA E NON TIPICA,  9.993 ,  53.639 ,  126.361 ,  147.988 ,  169.520 ,  196.829 ,  215.767 ,  235.468 ,  247.678 ,  284.497 ,  -   ,  -   ,  284.497 ,89%,,TOTALE GESTIONE STRUTTURA E NON TIPICA,  9.993 ,  43.646 ,  72.722 ,  21.627 ,  21.531 ,  27.309 ,  18.938 ,  19.701 ,  12.210 ,  36.819 ,- 284.497 ,  -   ,  36.819 ,144%,,,TOTALE GESTIONE STRUTTURA E NON TIPICA,  15.341 ,  56.754 ,  59.415 ,  104.958 ,  124.389 ,  149.554 ,  169.306 ,  184.663 ,  200.876 ,  232.746 ,  255.422 ,  -   ,  232.746 ,73%,,TOTALE GESTIONE STRUTTURA E NON TIPICA,  15.341 ,  41.413 ,  2.661 ,  45.543 ,  19.432 ,  25.165 ,  19.752 ,  15.357 ,  16.213 ,  31.870 ,  22.676 ,- 255.422 ,  31.870 ,124%,,,
EBITDA,  45.971 ,  21.850 ,- 17.092 ,- 15.105 ,- 19.148 ,- 22.632 ,- 61 ,- 21.178 ,  27.738 ,  13.621 ,  -   ,  -   ,  13.621 ,4%,,EBITDA,  45.971 ,- 24.121 ,- 38.943 ,  1.987 ,- 4.042 ,- 3.485 ,  22.571 ,- 21.116 ,  48.916 ,- 14.117 ,- 13.621 ,  -   ,- 14.117 ,-55%,,,EBITDA,- 15.594 ,- 57.014 ,- 59.701 ,- 110.025 ,- 127.937 ,- 123.919 ,- 144.193 ,- 148.217 ,- 165.259 ,- 148.107 ,- 141.299 ,  -   ,- 148.107 ,-46%,,EBITDA,- 15.594 ,- 41.420 ,- 2.687 ,- 50.324 ,- 17.912 ,  4.018 ,- 20.274 ,- 4.024 ,- 17.042 ,  17.152 ,  6.808 ,  141.299 ,  17.152 ,67%,,,
Ammortamenti immateriali,  4.346 ,  8.306 ,  12.784 ,  17.037 ,  21.448 ,  25.702 ,  30.111 ,  34.520 ,  38.773 ,  43.182 ,  -   ,  -   ,  43.182 ,13%,,Ammortamenti immateriali,  4.346 ,  3.960 ,  4.478 ,  4.253 ,  4.411 ,  4.253 ,  4.409 ,  4.409 ,  4.253 ,  4.409 ,- 43.182 ,  -   ,  4.409 ,,,,Ammortamenti immateriali,  -   ,  -   ,  -   ,  -   ,  -   ,  -   ,  4.929 ,  5.648 ,  6.343 ,  26.054 ,  28.618 ,  -   ,  26.054 ,8%,,Ammortamenti immateriali,  -   ,  -   ,  -   ,  -   ,  -   ,  -   ,  4.929 ,  719 ,  695 ,  19.711 ,  2.564 ,- 28.618 ,  19.711 ,77%,,Ammortamenti immateriali,Ammortamenti e svalutazioni
Ammortamenti materiali,  36 ,  134 ,  204 ,  272 ,  355 ,  425 ,  498 ,  571 ,  641 ,  714 ,  -   ,  -   ,  714 ,0%,,Ammortamenti materiali,  36 ,  98 ,  70 ,  68 ,  82 ,  70 ,  73 ,  73 ,  70 ,  73 ,- 714 ,  -   ,  73 ,,,,Ammortamenti materiali,  -   ,  -   ,  -   ,  -   ,  -   ,  -   ,  248 ,  285 ,  320 ,  356 ,  391 ,  -   ,  356 ,0%,,Ammortamenti materiali,  -   ,  -   ,  -   ,  -   ,  -   ,  -   ,  248 ,  36 ,  35 ,  36 ,  35 ,- 391 ,  36 ,0%,,Ammortamenti materiali,Ammortamenti e svalutazioni
Svalutazioni e accantonamenti,  -   ,  -   ,  -   ,  -   ,  -   ,  -   ,  -   ,  -   ,  -   ,  -   ,  -   ,  -   ,  -   ,0%,,Svalutazioni e accantonamenti,  -   ,  -   ,  -   ,  -   ,  -   ,  -   ,  -   ,  -   ,  -   ,  -   ,  -   ,  -   ,  -   ,,,,Svalutazioni e accantonamenti,  -   ,  -   ,  -   ,  -   ,  -   ,  -   ,  -   ,  -   ,  -   ,  -   ,  -   ,  -   ,  -   ,0%,,Svalutazioni e accantonamenti,  -   ,  -   ,  -   ,  -   ,  -   ,  -   ,  -   ,  -   ,  -   ,  -   ,  -   ,  -   ,  -   ,0%,,Svalutazioni e accantonamenti,Ammortamenti e svalutazioni
"AMMORTAMENTI, ACCANT. SVALUTAZIONI",  4.382 ,  8.440 ,  12.988 ,  17.310 ,  21.803 ,  26.127 ,  30.609 ,  35.091 ,  39.414 ,  43.896 ,  -   ,  -   ,  43.896 ,14%,,"AMMORTAMENTI, ACCANT. SVALUTAZIONI",  4.382 ,  4.058 ,  4.548 ,  4.321 ,  4.494 ,  4.323 ,  4.482 ,  4.482 ,  4.323 ,  4.482 ,- 43.896 ,  -   ,  4.482 ,17%,,,"AMMORTAMENTI, ACCANT. SVALUTAZIONI",  -   ,  -   ,  -   ,  -   ,  -   ,  -   ,  5.177 ,  5.933 ,  6.663 ,  26.409 ,  29.009 ,  -   ,  26.409 ,8%,,"AMMORTAMENTI, ACCANT. SVALUTAZIONI",  -   ,  -   ,  -   ,  -   ,  -   ,  -   ,  5.177 ,  756 ,  730 ,  19.747 ,  2.599 ,- 29.009 ,  19.747 ,77%,,,
Plusvalenze e minusvalenze straordinarie,  -   ,  -   ,  -   ,  -   ,  -   ,  -   ,  -   ,  -   ,  -   ,  -   ,  -   ,  -   ,  -   ,0%,,Plusvalenze e minusvalenze straordinarie,  -   ,  -   ,  -   ,  -   ,  -   ,  -   ,  -   ,  -   ,  -   ,  -   ,  -   ,  -   ,  -   ,,,,Plusvalenze e minusvalenze straordinarie,  -   ,  -   ,  -   ,  -   ,  -   ,  -   ,  -   ,  -   ,  -   ,  -   ,  -   ,  -   ,  -   ,0%,,Plusvalenze e minusvalenze straordinarie,  -   ,  -   ,  -   ,  -   ,  -   ,  -   ,  -   ,  -   ,  -   ,  -   ,  -   ,  -   ,  -   ,0%,,Plusvalenze e minusvalenze straordinarie,Gestione straordinaria
Altri proventi/costi straordinari,  -   ,  -   ,  -   ,  -   ,  -   ,  -   ,  -   ,  -   ,  -   ,  -   ,  -   ,  -   ,  -   ,0%,,Altri proventi/costi straordinari,  -   ,  -   ,  -   ,  -   ,  -   ,  -   ,  -   ,  -   ,  -   ,  -   ,  -   ,  -   ,  -   ,,,,Altri proventi/costi straordinari,  -   ,  -   ,  -   ,  -   ,  -   ,  -   ,  -   ,  -   ,  -   ,  -   ,  -   ,  -   ,  -   ,0%,,Altri proventi/costi straordinari,  -   ,  -   ,  -   ,  -   ,  -   ,  -   ,  -   ,  -   ,  -   ,  -   ,  -   ,  -   ,  -   ,0%,,Altri proventi/costi straordinari,Gestione straordinaria
GESTIONE STRAORDINARIA,  -   ,  -   ,  -   ,  -   ,  -   ,  -   ,  -   ,  -   ,  -   ,  -   ,  -   ,  -   ,  -   ,0%,,GESTIONE STRAORDINARIA,  -   ,  -   ,  -   ,  -   ,  -   ,  -   ,  -   ,  -   ,  -   ,  -   ,  -   ,  -   ,  -   ,0%,,,GESTIONE STRAORDINARIA,  -   ,  -   ,  -   ,  -   ,  -   ,  -   ,  -   ,  -   ,  -   ,  -   ,  -   ,  -   ,  -   ,0%,,GESTIONE STRAORDINARIA,  -   ,  -   ,  -   ,  -   ,  -   ,  -   ,  -   ,  -   ,  -   ,  -   ,  -   ,  -   ,  -   ,0%,,,
EBIT,  41.589 ,  13.410 ,- 30.081 ,- 32.415 ,- 40.951 ,- 48.759 ,- 30.670 ,- 56.268 ,- 11.676 ,- 30.275 ,  -   ,  -   ,- 30.275 ,-9%,,EBIT,  41.589 ,- 28.179 ,- 43.491 ,- 2.334 ,- 8.536 ,- 7.808 ,  18.089 ,- 25.598 ,  44.593 ,- 18.599 ,  30.275 ,  -   ,- 18.599 ,-72%,,,EBIT,- 15.594 ,- 57.014 ,- 59.701 ,- 110.025 ,- 127.937 ,- 123.919 ,- 149.370 ,- 154.150 ,- 171.922 ,- 174.516 ,- 170.307 ,  -   ,- 174.516 ,-55%,,EBIT,- 15.594 ,- 41.420 ,- 2.687 ,- 50.324 ,- 17.912 ,  4.018 ,- 25.451 ,- 4.779 ,- 17.772 ,- 2.594 ,  4.209 ,  170.307 ,- 2.594 ,-10%,,,
Spese e commissioni bancarie,  25 ,  56 ,  70 ,  124 ,  133 ,  139 ,  195 ,  257 ,  274 ,  317 ,  -   ,  -   ,  317 ,0%,,Spese e commissioni bancarie,  25 ,  31 ,  14 ,  54 ,  10 ,  6 ,  55 ,  62 ,  17 ,  43 ,- 317 ,  -   ,  43 ,,,,Spese e commissioni bancarie,  9 ,  14 ,  41 ,  183 ,  193 ,  202 ,  273 ,  334 ,  334 ,  390 ,  406 ,  -   ,  390 ,0%,,Spese e commissioni bancarie,  9 ,  5 ,  28 ,  142 ,  10 ,  9 ,  71 ,  61 ,  0 ,  56 ,  16 ,- 406 ,  56 ,0%,,Spese e commissioni bancarie,Gestione finanziaria
Interessi passivi su mutui,  125 ,  301 ,  467 ,  624 ,  773 ,  913 ,  1.044 ,  1.170 ,  1.294 ,  1.415 ,  -   ,  -   ,  1.415 ,0%,,Interessi passivi su mutui,  125 ,  176 ,  166 ,  158 ,  148 ,  140 ,  131 ,  126 ,  124 ,  121 ,- 1.415 ,  -   ,  121 ,,,,Interessi passivi su mutui,  -   ,  -   ,  271 ,  537 ,  795 ,  1.047 ,  1.291 ,  1.526 ,  1.526 ,  1.972 ,  2.177 ,  -   ,  1.972 ,1%,,Interessi passivi su mutui,  -   ,  -   ,  271 ,  266 ,  258 ,  252 ,  244 ,  235 ,  -   ,  445 ,  205 ,- 2.177 ,  445 ,2%,,Interessi passivi su mutui,Gestione finanziaria
Altri interessi,  -   ,  -   ,  -   ,  57 ,  57 ,  106 ,  176 ,  176 ,  295 ,  495 ,  -   ,  -   ,  495 ,0%,,Altri interessi,  -   ,  -   ,  -   ,  57 ,  -   ,  48 ,  70 ,  -   ,  120 ,  200 ,- 495 ,  -   ,  200 ,,,,Altri interessi ,  -   ,  140 ,  140 ,  625 ,  625 ,  625 ,  636 ,  636 ,  647 ,  660 ,  676 ,  -   ,  660 ,0%,,Altri interessi ,  -   ,  140 ,  -   ,  485 ,  -   ,  -   ,  11 ,  1 ,  11 ,  13 ,  16 ,- 676 ,  13 ,0%,,Altri interessi,Gestione finanziaria
GESTIONE FINANZIARIA,  150 ,  357 ,  537 ,  806 ,  963 ,  1.158 ,  1.415 ,  1.603 ,  1.864 ,  2.228 ,  -   ,  -   ,  2.228 ,1%,,GESTIONE FINANZIARIA,  150 ,  207 ,  180 ,  269 ,  158 ,  195 ,  257 ,  188 ,  261 ,  364 ,- 2.228 ,  -   ,  364 ,1%,,,GESTIONE FINANZIARIA,  9 ,  153 ,  452 ,  1.345 ,  1.613 ,  1.874 ,  2.199 ,  2.496 ,  2.507 ,  3.022 ,  3.259 ,  -   ,  3.022 ,1%,,GESTIONE FINANZIARIA,  9 ,  144 ,  298 ,  893 ,  268 ,  261 ,  326 ,  297 ,  11 ,  514 ,  237 ,- 3.259 ,  514 ,2%,,,
EBT,  41.439 ,  13.054 ,- 30.618 ,- 33.220 ,- 41.914 ,- 49.917 ,- 32.085 ,- 57.871 ,- 13.540 ,- 32.503 ,  -   ,  -   ,- 32.503 ,-10%,,EBT,  41.439 ,- 28.386 ,- 43.671 ,- 2.603 ,- 8.694 ,- 8.003 ,  17.832 ,- 25.787 ,  44.331 ,- 18.963 ,  32.503 ,  -   ,- 18.963 ,-74%,,,EBT,- 15.603 ,- 57.168 ,- 60.153 ,- 111.370 ,- 129.550 ,- 125.793 ,- 151.570 ,- 156.646 ,- 174.429 ,- 177.538 ,- 173.566 ,  -   ,- 177.538 ,-56%,,EBT,- 15.603 ,- 41.564 ,- 2.986 ,- 51.216 ,- 18.180 ,  3.757 ,- 25.777 ,- 5.076 ,- 17.783 ,- 3.109 ,  3.972 ,  173.566 ,- 3.109 ,-12%,,,
Imposte dirette,  -   ,  -   ,  -   ,  -   ,  -   ,  -   ,  -   ,  -   ,  -   ,  -   ,  -   ,  -   ,  -   ,0%,,Imposte dirette,  -   ,  -   ,  -   ,  -   ,  -   ,  -   ,  -   ,  -   ,  -   ,  -   ,  -   ,  -   ,  -   ,,,,Imposte dirette,  -   ,  -   ,  -   ,  -   ,  -   ,  -   ,  -   ,  -   ,  -   ,  -   ,  -   ,  -   ,  -   ,0%,,Imposte dirette,  -   ,  -   ,  -   ,  -   ,  -   ,  -   ,  -   ,  -   ,  -   ,  -   ,  -   ,  -   ,  -   ,0%,,Imposte dirette,Imposte
RISULTATO DELL'ESERCIZIO,  41.439 ,  13.054 ,- 30.618 ,- 33.220 ,- 41.914 ,- 49.917 ,- 32.085 ,- 57.871 ,- 13.540 ,- 32.503 ,  -   ,  -   ,- 32.503 ,-10%,,RISULTATO DELL'ESERCIZIO,  41.439 ,- 28.386 ,- 43.671 ,- 2.603 ,- 8.694 ,- 8.003 ,  17.832 ,- 25.787 ,  44.331 ,- 18.963 ,  32.503 ,  -   ,- 18.963 ,-74%,,,RISULTATO DELL'ESERCIZIO,- 15.603 ,- 57.168 ,- 60.153 ,- 111.370 ,- 129.550 ,- 125.793 ,- 151.570 ,- 156.646 ,- 174.429 ,- 177.538 ,- 173.566 ,  -   ,- 177.538 ,-56%,,RISULTATO DELL'ESERCIZIO,- 15.603 ,- 41.564 ,- 2.986 ,- 51.216 ,- 18.180 ,  3.757 ,- 25.777 ,- 5.076 ,- 17.783 ,- 3.109 ,  3.972 ,  173.566 ,- 3.109 ,-12%,,,
,,,,,,,,,,,,,,,,,,,,,,,,,,,,,,,,,,,,,,,,,,,,,,,,,,,,,,,,,,,,,,,,,,
,41.439,13.054,30.618,33.220,41.914,49.917,32.085,57.871,"13.539,92","32.503,12",,,,,,CUMULATO,  41.439 ,  13.054 ,- 30.618 ,- 33.220 ,- 41.914 ,- 49.917 ,- 32.085 ,- 57.871 ,- 13.540 ,- 32.503 ,- 0 ,- 0 ,,,,,,15.603,57.168,60.153,111.370,129.550,125.793,151.570,156.646,174.429,177.538,173.566,223.384,,,,CUMULATO,- 15.603 ,- 57.168 ,- 60.153 ,- 111.370 ,- 129.550 ,- 125.793 ,- 151.570 ,- 156.646 ,- 174.429 ,- 177.538 ,- 173.566 ,  -   ,,,,,
,82.879,26.107,0,(0),(0),(0),(0),(0),(0),0,0,0,,,,,0,0,(0),0,0,0,0,0,0,(0),(0),(0),,,,,,,,,,,,,,,,,,,,,,0,(0),(0),(0),0,(0),(0),0,0,(0),0,0,,,,,
,,,,,,,,,,,,,,,,,,,,,,,,,,,,,0,,,,,0,(0),0,0,(0),0,0,(0),0,0,(0),223.384,,,,,,,,,,,,,,,,,(3.109),,,,